x1star,x4star,C,beta,gamma,b
0.95,-0.76095,0.1,1.25,0.2,0.5
0.99,-0.7929900000000001,0.1,1.25,0.2,0.5
